﻿<?xml version="1.0" encoding="utf-8" standalone="yes"?>
<Package xmlns="http://schemas.microsoft.com/appx/manifest/foundation/windows10" xmlns:desktop4="http://schemas.microsoft.com/appx/manifest/desktop/windows10/4" xmlns:rescap="http://schemas.microsoft.com/appx/manifest/foundation/windows10/restrictedcapabilities" xmlns:rescap4="http://schemas.microsoft.com/appx/manifest/foundation/windows10/restrictedcapabilities/4" xmlns:uap="http://schemas.microsoft.com/appx/manifest/uap/windows10" xmlns:uap3="http://schemas.microsoft.com/appx/manifest/uap/windows10/3" xmlns:uap4="http://schemas.microsoft.com/appx/manifest/uap/windows10/4" xmlns:uap5="http://schemas.microsoft.com/appx/manifest/uap/windows10/5" xmlns:mp="http://schemas.microsoft.com/appx/2014/phone/manifest">
  <Identity Name="PythonSoftwareFoundation.Python.3.7" ProcessorArchitecture="x64" Publisher="CN=4975D53F-AA7E-49A5-8B49-EA4FDC1BB66B" Version="3.7.1473.0" />
  <Properties>
    <DisplayName>Python 3.7</DisplayName>
    <PublisherDisplayName>Python Software Foundation</PublisherDisplayName>
    <Description>The Python 3.7 runtime and console.</Description>
    <Logo>_resources/pythonx50.png</Logo>
  </Properties>
  <Resources>
    <Resource Language="en-US" />
  </Resources>
  <Dependencies>
    <TargetDeviceFamily MaxVersionTested="10.0.17763.0" MinVersion="10.0.17763.0" Name="Windows.Desktop" />
  </Dependencies>
  <Capabilities>
    <rescap:Capability Name="runFullTrust" />
    <uap4:CustomCapability Name="Microsoft.classicAppCompat_8wekyb3d8bbwe" />
  </Capabilities>
  <Applications>
    <Application EntryPoint="Windows.FullTrustApplication" Executable="python.exe" Id="Python" desktop4:SupportsMultipleInstances="true">
      <uap:VisualElements BackgroundColor="transparent" Description="Python interactive console" DisplayName="Python 3.7" Square150x150Logo="_resources/pythonx150.png" Square44x44Logo="_resources/pythonx44.png" />
      <Extensions>
        <uap5:Extension Category="windows.appExecutionAlias">
          <uap5:AppExecutionAlias desktop4:Subsystem="console">
            <uap5:ExecutionAlias Alias="python.exe" />
            <uap5:ExecutionAlias Alias="python3.exe" />
            <uap5:ExecutionAlias Alias="python3.7.exe" />
          </uap5:AppExecutionAlias>
        </uap5:Extension>
        <uap3:Extension Category="windows.fileTypeAssociation">
          <uap3:FileTypeAssociation Name="python.file" Parameters="&quot;%1&quot;">
            <uap:SupportedFileTypes>
              <uap:FileType>.py</uap:FileType>
            </uap:SupportedFileTypes>
          </uap3:FileTypeAssociation>
        </uap3:Extension>
      </Extensions>
    </Application>
    <Application EntryPoint="Windows.FullTrustApplication" Executable="pythonw.exe" Id="PythonW" desktop4:SupportsMultipleInstances="true">
      <uap:VisualElements AppListEntry="none" BackgroundColor="transparent" Description="Python windowed app launcher" DisplayName="Python 3.7 (Windowed)" Square150x150Logo="_resources/pythonwx150.png" Square44x44Logo="_resources/pythonwx44.png" />
      <Extensions>
        <uap5:Extension Category="windows.appExecutionAlias">
          <uap5:AppExecutionAlias desktop4:Subsystem="windows">
            <uap5:ExecutionAlias Alias="pythonw.exe" />
            <uap5:ExecutionAlias Alias="pythonw3.exe" />
            <uap5:ExecutionAlias Alias="pythonw3.7.exe" />
          </uap5:AppExecutionAlias>
        </uap5:Extension>
        <uap3:Extension Category="windows.fileTypeAssociation">
          <uap3:FileTypeAssociation Name="python.windowedfile" Parameters="&quot;%1&quot;">
            <uap:SupportedFileTypes>
              <uap:FileType>.pyw</uap:FileType>
            </uap:SupportedFileTypes>
          </uap3:FileTypeAssociation>
        </uap3:Extension>
      </Extensions>
    </Application>
    <Application EntryPoint="Windows.FullTrustApplication" Executable="pip.exe" Id="Pip" desktop4:SupportsMultipleInstances="true">
      <uap:VisualElements AppListEntry="none" BackgroundColor="transparent" Description="pip package manager for Python 3.7" DisplayName="pip (Python 3.7)" Square150x150Logo="_resources/pythonx150.png" Square44x44Logo="_resources/pythonx44.png" />
      <Extensions>
        <uap5:Extension Category="windows.appExecutionAlias">
          <uap5:AppExecutionAlias desktop4:Subsystem="console">
            <uap5:ExecutionAlias Alias="pip.exe" />
            <uap5:ExecutionAlias Alias="pip3.exe" />
            <uap5:ExecutionAlias Alias="pip3.7.exe" />
          </uap5:AppExecutionAlias>
        </uap5:Extension>
        <uap3:Extension Category="windows.fileTypeAssociation">
          <uap3:FileTypeAssociation Name="python.wheel" Parameters="install &quot;%1&quot;">
            <uap:SupportedFileTypes>
              <uap:FileType>.whl</uap:FileType>
            </uap:SupportedFileTypes>
          </uap3:FileTypeAssociation>
        </uap3:Extension>
      </Extensions>
    </Application>
    <Application EntryPoint="Windows.FullTrustApplication" Executable="idle.exe" Id="Idle" desktop4:SupportsMultipleInstances="true">
      <uap:VisualElements BackgroundColor="transparent" Description="IDLE editor for Python 3.7" DisplayName="IDLE (Python 3.7)" Square150x150Logo="_resources/pythonwx150.png" Square44x44Logo="_resources/pythonwx44.png" />
      <Extensions>
        <uap5:Extension Category="windows.appExecutionAlias">
          <uap5:AppExecutionAlias desktop4:Subsystem="windows">
            <uap5:ExecutionAlias Alias="idle.exe" />
            <uap5:ExecutionAlias Alias="idle3.exe" />
            <uap5:ExecutionAlias Alias="idle3.7.exe" />
          </uap5:AppExecutionAlias>
        </uap5:Extension>
      </Extensions>
    </Application>
  </Applications>
  <Extensions>
    <rescap4:Extension Category="windows.classicAppCompatKeys" EntryPoint="Windows.FullTrustApplication">
      <rescap4:ClassicAppCompatKeys>
        <rescap4:ClassicAppCompatKey Name="HKCU\Software" />
        <rescap4:ClassicAppCompatKey Name="HKCU\Software\Python" />
        <rescap4:ClassicAppCompatKey Name="HKCU\Software\Python\PythonCore" />
        <rescap4:ClassicAppCompatKey Name="HKCU\Software\Python\PythonCore\3.7" />
        <rescap4:ClassicAppCompatKey Name="HKCU\Software\Python\PythonCore\3.7" Value="Python 3.7" ValueName="DisplayName" ValueType="REG_SZ" />
        <rescap4:ClassicAppCompatKey Name="HKCU\Software\Python\PythonCore\3.7" Value="https://www.python.org/" ValueName="SupportUrl" ValueType="REG_SZ" />
        <rescap4:ClassicAppCompatKey Name="HKCU\Software\Python\PythonCore\3.7" Value="64bit" ValueName="SysArchitecture" ValueType="REG_SZ" />
        <rescap4:ClassicAppCompatKey Name="HKCU\Software\Python\PythonCore\3.7" Value="3.7" ValueName="SysVersion" ValueType="REG_SZ" />
        <rescap4:ClassicAppCompatKey Name="HKCU\Software\Python\PythonCore\3.7" Value="3.7.5" ValueName="Version" ValueType="REG_SZ" />
        <rescap4:ClassicAppCompatKey Name="HKCU\Software\Python\PythonCore\3.7\InstallPath" />
        <rescap4:ClassicAppCompatKey Name="HKCU\Software\Python\PythonCore\3.7\InstallPath" Value="[{AppVPackageRoot}]" ValueName="" ValueType="REG_SZ" />
        <rescap4:ClassicAppCompatKey Name="HKCU\Software\Python\PythonCore\3.7\InstallPath" Value="[{AppVPackageRoot}]\python.exe" ValueName="ExecutablePath" ValueType="REG_SZ" />
        <rescap4:ClassicAppCompatKey Name="HKCU\Software\Python\PythonCore\3.7\InstallPath" Value="[{AppVPackageRoot}]\pythonw.exe" ValueName="WindowedExecutablePath" ValueType="REG_SZ" />
        <rescap4:ClassicAppCompatKey Name="HKCU\Software\Python\PythonCore\3.7\Help" />
        <rescap4:ClassicAppCompatKey Name="HKCU\Software\Python\PythonCore\3.7\Help\Online Python Documentation" />
        <rescap4:ClassicAppCompatKey Name="HKCU\Software\Python\PythonCore\3.7\Help\Online Python Documentation" Value="https://docs.python.org/3.7" ValueName="" ValueType="REG_SZ" />
        <rescap4:ClassicAppCompatKey Name="HKCU\Software\Python\PythonCore\3.7\Idle" />
        <rescap4:ClassicAppCompatKey Name="HKCU\Software\Python\PythonCore\3.7\Idle" Value="[{AppVPackageRoot}]\Lib\idlelib\idle.pyw" ValueName="" ValueType="REG_SZ" />
      </rescap4:ClassicAppCompatKeys>
    </rescap4:Extension>
  </Extensions>
  <mp:PhoneIdentity PhoneProductId="89b4a635-ce00-46e0-a3af-3a703b7465a5" PhonePublisherId="21a62791-35d3-448c-8fa1-256a30e95992" />
</Package>